ClusterId	No.OfSeq	ConsensusSeq	PfamDomain
1	14	VLEQLLTSLTRAEMLPQETALLPNYPNPFNPETWIPYQLATTVRVTVTIYTVNGAVVRTLTLGHQPTLTIYAANGTVVRTLVLGQQTVGVYRTRTRSAYWNGTNTVGESVASSVYFYTLTTESTRDSVTAGDFTATRKMLIR	Pfam-B_3696,Pfam-B_17635,FlgD_ig,Antig_Caf1,HDPD,CHU_C
2	10	DPSNQDRLISVTTVNTSDVNVWTVVSTSRTNPSNQTSEVYVTTVVLSYTPYYYVVWSSVLTVRGVPI	 
3	7	LLSWMSSIHSQLMTYNKVGGIPKYPRMYCVGTHGDVLQTEQKRTKVVKQLRSYYRSKVYFQLIIKTLIVDNTTSGTKKNEDPSVSVVRTLLRQFTYNKLMVKTPVSWVLFRKVIQQYRKNVLTLEQAYVIGVTCKISYEVVPKVLLFYNQVGVVLFYPHITGLSNVVILSTRWFVETMGKVLTLKVREEYGQTSQMWKVLRTQGILVRPYYVSIWRNVVGLEPESLMNLLVRFRLASEVSTEQYSYTTVRQYFLPLVLPSVSYSSVQPQSGYLQRATYLHLTFSTKFVPPGFFTRFVTTISKSQQCTLSFEGKIYRNCVTFQFGDPPIDDVILTDLDNAIQVEI	 
4	7	MTPGVYNSAYYEHSFLARQMGVSLVQGRDMVVRNGYVYMRTTTGLRRVHVIYRRVNDLFLDPVVFRSESMLGVPGVMNVYRTNRVVLVNAPGTGVAD	CP_ATPgrasp_1
5	6	DELPDELVNDSDRVFDQIMQSLPLATILVTTRSSVKRQLIQSVCFTHHVEVLGFTKDNKTKYIHNFFESKESLHMHDNFLRYIKNFPKIEGCLYVPINLEILLEVFQHSLVDSRVSCRPVTMTELYETLVRQTIYRHLRSLHSTYPVSVYSLQELPSVTLSTFQSLCRLAYLNLYNSQQRVTYSQRQISMVTLHLSSKINYLSQVVTSTVYDVLVYSFLHLTIQEYLAAYHVHLMPINEIQKHFDESVDIHRLHTTRRFLAGLTKLQSVSVNIREEIKDPNIFYEFFEAQNDPLASEVFSGKSKVKTKNR	NACHT,Pfam-B_5399,Pfam-B_5299
6	6	SNYLTIFQCSFSTYIDSRCTNTNSYDATVYCYTTRV	 
7	5	PNKAIVGENAFAHSSGIHQDGVLKSRVTFEIMTPQTVGWQQSQLVLSPRSGRNALRVRLSELGYEVEPEQLMQVYRRFLRVADMKKTVTDADLEAIMSDE	Pfam-B_679,Pfam-B_1005,DUF633
8	5	VLTELQHYGGKTNLIDFTTDYLIALFMACERSESYYKESRVIVQRRTTLMRYYIRSPYRTRNRVKVQRSVFVRSPYGVVLVRTENVVVIPVDLKSPVRKYLRRYHGVSTEVVYRDLHGFI	FRG
9	5	GLIVDMSEKFLNNSFLKEKTLVNKLKKHMSDATNLRQSTTVKQLKNELRSIYFPHLTNLSNMPQIYIKLQNQWYETNTEGLYLLIRHLLPYRSKQSILQYIEIETGSVRIKYIVHDSTADCLIAYAQGKLQFMRLIVNLSNMPTIQIMLHNPWNEATIGGLYLLI	DUF1548
10	5	MVIWWVVIAGIVVLGIYQLFNRRDPVYQLATSDFHQYITRGSGVFSGYLTLDQEWVEGRFLETSVPQVRSEIWSKKNVTPQEWETHFPSNWKGEFRASRDPIDDYNIQEKLDESYPRYNVKPPSKFPQGLLIFGTTIVPLLIFLGLMVFMSRQMQGSGNRALSFGKSRARLHSET	DUF4234,Pfam-B_18254
